loc,bed,row,col,unique.ID,Pop.Type,pop,rep,Establishment,Y1Surv,WintSurv,SurvtoBud,num.fruit,ProbFruit,TotalFitness
C_4_A,C,4,A,280,F2,(WV x WL2) x (WV),13,0,NA,NA,NA,NA,0,0
C_4_B,C,4,B,949,F2,(LV1 x WL2) x (TM2 x WL2),7,1,0,NA,NA,NA,0,0
C_5_A,C,5,A,540,Parent,TM2,70,0,NA,NA,NA,NA,0,0
C_5_B,C,5,B,317,F2,(TM2 x WL2) x (SQ3 x WL2),13,1,1,0,NA,NA,0,0
C_6_B,C,6,B,1175,F2,(WL2 x BH) x (SQ3 x WL2),14,1,0,NA,NA,NA,0,0
C_7_A,C,7,A,1091,F2,(TM2 x WL2) x (TM2 x WL2),10,0,NA,NA,NA,NA,0,0
C_7_B,C,7,B,968,F2,(LV1 x WL2) x (WL2 x DPR),13,0,NA,NA,NA,NA,0,0
C_8_A,C,8,A,333,F2,(WL1 x WL2) x (BH x WL2),2,1,0,NA,NA,NA,0,0
C_8_B,C,8,B,374,F2,(TM2 x WL2) x (YO11 x WL2),2,0,NA,NA,NA,NA,0,0
C_9_B,C,9,B,521,Parent,TM2,51,0,NA,NA,NA,NA,0,0
C_10_A,C,10,A,392,Parent,BH,6,1,0,NA,NA,NA,0,0
C_10_B,C,10,B,1160,F2,(WL1 x WL2) x (WL2 x TM2),15,0,NA,NA,NA,NA,0,0
C_11_A,C,11,A,479,Parent,TM2,9,0,NA,NA,NA,NA,0,0
C_11_B,C,11,B,264,F2,(WL2 x TM2) x (CC x TM2),13,0,NA,NA,NA,NA,0,0
C_12_A,C,12,A,199,F1,WV x TM2,7,0,NA,NA,NA,NA,0,0
C_12_B,C,12,B,1102,F2,(WL2 x DPR) x (WL2),5,0,NA,NA,NA,NA,0,0
C_13_A,C,13,A,344,F2,(TM2 x WL2) x (TM2),2,0,NA,NA,NA,NA,0,0
C_13_B,C,13,B,1511,F2,(SQ3 x WL2) x (YO11 x WL2),12,0,NA,NA,NA,NA,0,0
C_14_A,C,14,A,98,Parent,WL2,3,0,NA,NA,NA,NA,0,0
C_14_B,C,14,B,868,F2,(SQ3 x WL2) x (SQ3 x WL2),4,1,0,NA,NA,NA,0,0
C_15_A,C,15,A,125,Parent,WL2,30,0,NA,NA,NA,NA,0,0
C_15_B,C,15,B,1007,F2,(YO11 x WL2) x (SQ3 x WL2),6,1,0,NA,NA,NA,0,0
C_16_A,C,16,A,1119,F2,(WL1 x WL2) x (WL2 x CC),6,0,NA,NA,NA,NA,0,0
C_16_B,C,16,B,189,Parent,WL2,94,0,NA,NA,NA,NA,0,0
C_17_A,C,17,A,71,F2,(LV1 x WL2) x (WL2),8,1,0,NA,NA,NA,0,0
C_17_B,C,17,B,507,Parent,TM2,37,0,NA,NA,NA,NA,0,0
C_18_A,C,18,A,1336,F2,(TM2 x BH) x (TM2 x BH),2,1,0,NA,NA,NA,0,0
C_18_B,C,18,B,980,F2,(LV1 x WL2) x (SQ3 x WL2),9,0,NA,NA,NA,NA,0,0
C_20_A,C,20,A,413,Parent,CC,6,1,0,NA,NA,NA,0,0
C_20_B,C,20,B,698,F2,(DPR x WL2) x (YO11 x WL2),4,1,1,1,1,30,1,30
C_21_A,C,21,A,215,F1,WV x TM2,22,1,0,NA,NA,NA,0,0
C_21_B,C,21,B,407,Parent,BH,21,1,1,0,NA,NA,0,0
C_22_A,C,22,A,532,Parent,TM2,62,1,0,NA,NA,NA,0,0
C_23_A,C,23,A,469,Parent,WV,20,1,0,NA,NA,NA,0,0
C_23_B,C,23,B,118,Parent,WL2,23,1,1,1,1,27,1,27
C_24_A,C,24,A,281,F2,(WV x WL2) x (WV),14,1,1,0,NA,NA,0,0
C_24_B,C,24,B,1459,F2,(DPR x WL2) x (WV x WL2),3,1,1,1,1,24,1,24
C_25_A,C,25,A,1275,F1,LV1 x WL2,25,1,0,NA,NA,NA,0,0
C_25_B,C,25,B,72,F2,(LV1 x WL2) x (WL2),9,1,0,NA,NA,NA,0,0
C_26_A,C,26,A,494,Parent,TM2,24,1,0,NA,NA,NA,0,0
C_26_B,C,26,B,154,Parent,WL2,59,1,0,NA,NA,NA,0,0
C_27_A,C,27,A,1398,F2,(WV) x (WV x WL2),12,1,0,NA,NA,NA,0,0
C_27_B,C,27,B,200,F1,WV x TM2,8,1,1,0,NA,NA,0,0
C_28_A,C,28,A,480,Parent,TM2,10,1,0,NA,NA,NA,0,0
C_28_B,C,28,B,347,F2,(TM2 x WL2) x (TM2),5,0,NA,NA,NA,NA,0,0
C_29_A,C,29,A,17,Parent,LV1,17,0,NA,NA,NA,NA,0,0
C_29_B,C,29,B,341,F2,(WL1 x WL2) x (BH x WL2),10,1,1,1,1,20,1,20
C_30_A,C,30,A,1228,F1,LV1 x TM2,4,1,1,1,1,25,1,25
C_30_B,C,30,B,513,Parent,TM2,43,1,0,NA,NA,NA,0,0
C_31_A,C,31,A,939,F2,(YO11 x WL2) x (WL2),13,1,1,1,0,NA,0,0
C_31_B,C,31,B,543,Parent,TM2,73,0,NA,NA,NA,NA,0,0
C_32_A,C,32,A,1053,F2,(TM2 x BH) x (TM2),4,1,0,NA,NA,NA,0,0
C_32_B,C,32,B,1279,F1,TM2 x WL2,3,0,NA,NA,NA,NA,0,0
C_33_B,C,33,B,183,Parent,WL2,88,1,1,1,1,1,1,1
C_34_A,C,34,A,776,F2,(YO11 x WL2) x (DPR x WL2),4,0,NA,NA,NA,NA,0,0
C_34_B,C,34,B,2,Parent,LV1,2,1,0,NA,NA,NA,0,0
C_35_A,C,35,A,136,Parent,WL2,41,1,0,NA,NA,NA,0,0
C_35_B,C,35,B,1348,F2,(TM2 x BH) x (TM2 x BH),14,0,NA,NA,NA,NA,0,0
C_37_A,C,37,A,145,Parent,WL2,50,0,NA,NA,NA,NA,0,0
C_37_B,C,37,B,1289,F1,TM2 x WL2,13,1,1,1,1,4,1,4
C_38_A,C,38,A,1362,F1,CC x TM2,12,0,NA,NA,NA,NA,0,0
C_38_B,C,38,B,128,Parent,WL2,33,1,0,NA,NA,NA,0,0
C_39_A,C,39,A,1347,F2,(TM2 x BH) x (TM2 x BH),13,1,0,NA,NA,NA,0,0
C_39_B,C,39,B,1003,F2,(YO11 x WL2) x (SQ3 x WL2),2,1,0,NA,NA,NA,0,0
C_40_A,C,40,A,1162,F2,(WL2 x BH) x (SQ3 x WL2),1,1,0,NA,NA,NA,0,0
C_41_A,C,41,A,738,F2,(DPR) x (WL2 x DPR),12,1,0,NA,NA,NA,0,0
C_41_B,C,41,B,100,Parent,WL2,5,0,NA,NA,NA,NA,0,0
C_42_A,C,42,A,1314,F2,(WL2 x DPR) x (TM2 x WL2),1,0,NA,NA,NA,NA,0,0
C_42_B,C,42,B,888,F2,(SQ3 x WL2) x (TM2 x WL2),10,1,1,0,NA,NA,0,0
C_43_A,C,43,A,73,F2,(LV1 x WL2) x (WL2),10,1,1,1,1,12,1,12
C_43_B,C,43,B,355,F2,(TM2 x WL2) x (TM2),13,0,NA,NA,NA,NA,0,0
C_44_A,C,44,A,481,Parent,TM2,11,1,0,NA,NA,NA,0,0
C_44_B,C,44,B,1229,F1,LV1 x TM2,5,1,0,NA,NA,NA,0,0
C_45_B,C,45,B,1121,F2,(WL1 x WL2) x (WL2 x CC),8,1,0,NA,NA,NA,0,0
C_46_A,C,46,A,452,Parent,WV,3,1,0,NA,NA,NA,0,0
C_46_B,C,46,B,20,Parent,LV1,20,0,NA,NA,NA,NA,0,0
C_47_A,C,47,A,187,Parent,WL2,92,1,0,NA,NA,NA,0,0
C_48_A,C,48,A,361,F2,(TM2 x WL2) x (WL2),5,1,0,NA,NA,NA,0,0
C_48_B,C,48,B,243,F2,(WL2 x BH) x (WL2 x TM2),8,0,NA,NA,NA,NA,0,0
C_49_A,C,49,A,1187,F2,(WL2 x CC) x (WL2 x TM2),10,1,1,0,NA,NA,0,0
C_49_B,C,49,B,201,F1,WV x TM2,9,0,NA,NA,NA,NA,0,0
C_50_A,C,50,A,907,F2,(WL2) x (DPR x WL2),13,0,NA,NA,NA,NA,0,0
C_50_B,C,50,B,404,Parent,BH,18,1,1,1,1,12,1,12
C_52_A,C,52,A,1409,F1,WV x WL2,7,1,1,0,NA,NA,0,0
C_52_B,C,52,B,74,F2,(LV1 x WL2) x (WL2),11,1,1,0,NA,NA,0,0
C_53_A,C,53,A,248,F2,(WL2 x BH) x (WL2 x TM2),13,1,0,NA,NA,NA,0,0
C_54_A,C,54,A,1255,F1,LV1 x WL2,5,1,0,NA,NA,NA,0,0
C_55_B,C,55,B,1124,F2,(WL1 x WL2) x (WL2 x CC),11,0,NA,NA,NA,NA,0,0
C_56_A,C,56,A,739,F2,(DPR) x (WL2 x DPR),13,1,0,NA,NA,NA,0,0
C_56_B,C,56,B,1241,F1,LV1 x TM2,17,0,NA,NA,NA,NA,0,0
C_57_A,C,57,A,34,Parent,SQ3,13,0,NA,NA,NA,NA,0,0
C_57_B,C,57,B,453,Parent,WV,4,0,NA,NA,NA,NA,0,0
C_58_A,C,58,A,395,Parent,BH,9,1,1,1,0,NA,0,0
C_58_B,C,58,B,267,F2,(WL2 x TM2) x (CC x TM2),16,0,NA,NA,NA,NA,0,0
C_3_D,C,3,D,87,F2,(SQ3 x WL2) x (WL2),8,0,NA,NA,NA,NA,0,0
C_4_C,C,4,C,987,F2,(LV1 x WL2) x (YO11 x WL2),2,0,NA,NA,NA,NA,0,0
C_5_C,C,5,C,666,F2,(BH) x (TM2 x BH),4,0,NA,NA,NA,NA,0,0
C_5_D,C,5,D,1185,F2,(WL2 x CC) x (WL2 x TM2),8,1,0,NA,NA,NA,0,0
C_6_C,C,6,C,1227,F1,LV1 x TM2,3,0,NA,NA,NA,NA,0,0
C_7_C,C,7,C,1172,F2,(WL2 x BH) x (SQ3 x WL2),11,0,NA,NA,NA,NA,0,0
C_8_C,C,8,C,167,Parent,WL2,72,1,0,NA,NA,NA,0,0
C_9_C,C,9,C,752,F2,(TM2 x BH) x (BH),10,1,0,NA,NA,NA,0,0
C_9_D,C,9,D,886,F2,(SQ3 x WL2) x (TM2 x WL2),8,1,0,NA,NA,NA,0,0
C_10_C,C,10,C,303,Parent,WL1,20,1,0,NA,NA,NA,0,0
C_11_C,C,11,C,763,F2,(WL2) x (WV x WL2),5,0,NA,NA,NA,NA,0,0
C_11_D,C,11,D,1397,F2,(WV) x (WV x WL2),11,1,0,NA,NA,NA,0,0
C_12_C,C,12,C,1286,F1,TM2 x WL2,10,0,NA,NA,NA,NA,0,0
C_12_D,C,12,D,1,Parent,LV1,1,0,NA,NA,NA,NA,0,0
C_13_C,C,13,C,736,F2,(DPR) x (WL2 x DPR),10,1,0,NA,NA,NA,0,0
C_13_D,C,13,D,1245,F1,LV1 x TM2,21,0,NA,NA,NA,NA,0,0
C_14_C,C,14,C,149,Parent,WL2,54,0,NA,NA,NA,NA,0,0
C_14_D,C,14,D,1423,F1,WV x WL2,21,1,0,NA,NA,NA,0,0
C_15_C,C,15,C,41,Parent,SQ3,20,0,NA,NA,NA,NA,0,0
C_15_D,C,15,D,560,Parent,TM2,90,0,NA,NA,NA,NA,0,0
C_16_C,C,16,C,130,Parent,WL2,35,0,NA,NA,NA,NA,0,0
C_16_D,C,16,D,932,F2,(YO11 x WL2) x (WL2),6,0,NA,NA,NA,NA,0,0
C_17_C,C,17,C,371,F2,(TM2 x WL2) x (WL2),15,0,NA,NA,NA,NA,0,0
C_17_D,C,17,D,600,F1,BH x TM2,16,0,NA,NA,NA,NA,0,0
C_19_C,C,19,C,309,F2,(TM2 x WL2) x (SQ3 x WL2),5,1,0,NA,NA,NA,0,0
C_19_D,C,19,D,298,Parent,WL1,15,1,0,NA,NA,NA,0,0
C_20_C,C,20,C,790,F2,(YO11 x WL2) x (WL2 x TM2),3,1,0,NA,NA,NA,0,0
C_20_D,C,20,D,1123,F2,(WL1 x WL2) x (WL2 x CC),10,0,NA,NA,NA,NA,0,0
C_21_C,C,21,C,1311,F2,(WL2 x CC) x (SQ3 x WL2),7,1,0,NA,NA,NA,0,0
C_21_D,C,21,D,1186,F2,(WL2 x CC) x (WL2 x TM2),9,1,0,NA,NA,NA,0,0
C_22_C,C,22,C,88,F2,(SQ3 x WL2) x (WL2),9,0,NA,NA,NA,NA,0,0
C_22_D,C,22,D,737,F2,(DPR) x (WL2 x DPR),11,1,1,1,1,52,1,52
C_23_C,C,23,C,170,Parent,WL2,75,0,NA,NA,NA,NA,0,0
C_24_C,C,24,C,1243,F1,LV1 x TM2,19,1,0,NA,NA,NA,0,0
C_24_D,C,24,D,99,Parent,WL2,4,0,NA,NA,NA,NA,0,0
C_25_C,C,25,C,364,F2,(TM2 x WL2) x (WL2),8,1,0,NA,NA,NA,0,0
C_25_D,C,25,D,1108,F2,(WL2 x DPR) x (WL2),11,1,0,NA,NA,NA,0,0
C_28_C,C,28,C,251,F2,(WL2 x BH) x (WL2 x TM2),16,1,0,NA,NA,NA,0,0
C_28_D,C,28,D,265,F2,(WL2 x TM2) x (CC x TM2),14,1,1,0,NA,NA,0,0
C_29_C,C,29,C,711,F2,(DPR) x (DPR x WL2),1,1,1,1,1,20,1,20
C_29_D,C,29,D,393,Parent,BH,7,1,0,NA,NA,NA,0,0
C_30_D,C,30,D,961,F2,(LV1 x WL2) x (WL2 x DPR),6,1,0,NA,NA,NA,0,0
C_31_C,C,31,C,974,F2,(LV1 x WL2) x (SQ3 x WL2),3,1,0,NA,NA,NA,0,0
C_32_C,C,32,C,859,F2,(SQ3 x WL2) x (LV1 x WL2),11,0,NA,NA,NA,NA,0,0
C_33_D,C,33,D,832,F1,WL2 x BH,3,0,NA,NA,NA,NA,0,0
C_34_C,C,34,C,564,Parent,TM2,94,1,0,NA,NA,NA,0,0
C_34_D,C,34,D,990,F2,(LV1 x WL2) x (YO11 x WL2),5,1,0,NA,NA,NA,0,0
C_36_D,C,36,D,214,F1,WV x TM2,21,0,NA,NA,NA,NA,0,0
C_37_D,C,37,D,714,F2,(DPR) x (DPR x WL2),4,1,1,1,1,0,0,0
C_38_D,C,38,D,539,Parent,TM2,69,1,1,1,1,3,1,3
C_39_C,C,39,C,282,F2,(WV x WL2) x (WV),15,1,0,NA,NA,NA,0,0
C_39_D,C,39,D,1098,F2,(WL2 x DPR) x (WL2),1,1,0,NA,NA,NA,0,0
C_40_C,C,40,C,489,Parent,TM2,19,1,0,NA,NA,NA,0,0
C_40_D,C,40,D,126,Parent,WL2,31,0,NA,NA,NA,NA,0,0
C_41_C,C,41,C,266,F2,(WL2 x TM2) x (CC x TM2),15,1,0,NA,NA,NA,0,0
C_41_D,C,41,D,989,F2,(LV1 x WL2) x (YO11 x WL2),4,0,NA,NA,NA,NA,0,0
C_42_C,C,42,C,174,Parent,WL2,79,1,0,NA,NA,NA,0,0
C_42_D,C,42,D,553,Parent,TM2,83,0,NA,NA,NA,NA,0,0
C_43_C,C,43,C,1156,F2,(WL1 x WL2) x (WL2 x TM2),11,1,1,1,1,16,1,16
C_43_D,C,43,D,1048,F2,(TM2 x BH) x (TM2 x WL2),15,1,1,1,1,4,1,4
C_44_C,C,44,C,1252,F1,LV1 x WL2,2,1,1,1,1,14,1,14
C_44_D,C,44,D,1085,F2,(TM2 x WL2) x (TM2 x WL2),4,1,1,1,1,3,1,3
C_45_D,C,45,D,394,Parent,BH,8,1,1,1,1,3,1,3
C_46_C,C,46,C,528,Parent,TM2,58,1,0,NA,NA,NA,0,0
C_47_C,C,47,C,3,Parent,LV1,3,1,0,NA,NA,NA,0,0
C_47_D,C,47,D,1399,F2,(WV) x (WV x WL2),13,1,1,1,1,5,1,5
C_48_C,C,48,C,89,F2,(SQ3 x WL2) x (WL2),10,1,1,1,1,16,1,16
C_48_D,C,48,D,946,F2,(LV1 x WL2) x (TM2 x WL2),4,0,NA,NA,NA,NA,0,0
C_49_C,C,49,C,37,Parent,SQ3,16,0,NA,NA,NA,NA,0,0
C_49_D,C,49,D,518,Parent,TM2,48,1,0,NA,NA,NA,0,0
C_51_D,C,51,D,754,F2,(TM2 x BH) x (BH),12,1,0,NA,NA,NA,0,0
C_52_C,C,52,C,1062,F2,(TM2 x BH) x (TM2),13,1,0,NA,NA,NA,0,0
C_53_C,C,53,C,4,Parent,LV1,4,0,NA,NA,NA,NA,0,0
C_53_D,C,53,D,1188,F2,(WL2 x CC) x (WL2 x TM2),11,0,NA,NA,NA,NA,0,0
C_54_C,C,54,C,885,F2,(SQ3 x WL2) x (TM2 x WL2),7,1,0,NA,NA,NA,0,0
C_54_D,C,54,D,526,Parent,TM2,56,0,NA,NA,NA,NA,0,0
C_55_C,C,55,C,202,F1,WV x TM2,10,0,NA,NA,NA,NA,0,0
C_55_D,C,55,D,321,F2,(WL1 x TM2) x (WL2 x TM2),1,0,NA,NA,NA,NA,0,0
C_56_C,C,56,C,842,F2,(YO11 x WL2) x (WV x WL2),4,0,NA,NA,NA,NA,0,0
C_56_D,C,56,D,376,F2,(TM2 x WL2) x (YO11 x WL2),4,1,0,NA,NA,NA,0,0
C_57_C,C,57,C,957,F2,(LV1 x WL2) x (WL2 x DPR),2,0,NA,NA,NA,NA,0,0
C_57_D,C,57,D,1148,F2,(WL1 x WL2) x (WL2 x TM2),3,0,NA,NA,NA,NA,0,0
C_58_C,C,58,C,21,Parent,LV1,21,0,NA,NA,NA,NA,0,0
C_58_D,C,58,D,176,Parent,WL2,81,0,NA,NA,NA,NA,0,0
D_4_A,D,4,A,724,F2,(DPR) x (DPR x WL2),14,0,NA,NA,NA,NA,0,0
D_4_B,D,4,B,906,F2,(WL2) x (DPR x WL2),12,0,NA,NA,NA,NA,0,0
D_5_A,D,5,A,1230,F1,LV1 x TM2,6,0,NA,NA,NA,NA,0,0
D_6_B,D,6,B,90,F2,(SQ3 x WL2) x (WL2),11,0,NA,NA,NA,NA,0,0
D_8_A,D,8,A,101,Parent,WL2,6,1,0,NA,NA,NA,0,0
D_9_A,D,9,A,1350,F2,(TM2 x BH) x (TM2 x BH),16,0,NA,NA,NA,NA,0,0
D_9_B,D,9,B,937,F2,(YO11 x WL2) x (WL2),11,0,NA,NA,NA,NA,0,0
D_10_A,D,10,A,283,F2,(WV x WL2) x (WV),16,1,0,NA,NA,NA,0,0
D_10_B,D,10,B,436,Parent,DPR,8,1,1,1,1,2,1,2
D_11_A,D,11,A,113,Parent,WL2,18,1,0,NA,NA,NA,0,0
D_11_B,D,11,B,546,Parent,TM2,76,0,NA,NA,NA,NA,0,0
D_13_B,D,13,B,304,Parent,WL1,21,1,1,1,1,9,1,9
D_14_B,D,14,B,5,Parent,LV1,5,0,NA,NA,NA,NA,0,0
D_15_A,D,15,A,119,Parent,WL2,24,1,0,NA,NA,NA,0,0
D_15_B,D,15,B,91,F2,(SQ3 x WL2) x (WL2),12,1,0,NA,NA,NA,0,0
D_16_A,D,16,A,268,F2,(WV x WL2) x (WV),1,0,NA,NA,NA,NA,0,0
D_16_B,D,16,B,1107,F2,(WL2 x DPR) x (WL2),10,1,1,1,1,12,1,12
D_17_B,D,17,B,162,Parent,WL2,67,0,NA,NA,NA,NA,0,0
D_18_A,D,18,A,203,F1,WV x TM2,11,1,0,NA,NA,NA,0,0
D_18_B,D,18,B,403,Parent,BH,17,1,1,1,0,NA,0,0
D_20_A,D,20,A,988,F2,(LV1 x WL2) x (YO11 x WL2),3,1,0,NA,NA,NA,0,0
D_20_B,D,20,B,141,Parent,WL2,46,1,1,1,1,3,1,3
D_21_B,D,21,B,798,F2,(YO11 x WL2) x (WL2 x TM2),11,1,0,NA,NA,NA,0,0
D_22_A,D,22,A,467,Parent,WV,18,0,NA,NA,NA,NA,0,0
D_22_B,D,22,B,607,F1,BH x TM2,23,1,0,NA,NA,NA,0,0
D_23_A,D,23,A,1231,F1,LV1 x TM2,7,0,NA,NA,NA,NA,0,0
D_23_B,D,23,B,22,Parent,SQ3,1,1,0,NA,NA,NA,0,0
D_24_A,D,24,A,969,F2,(LV1 x WL2) x (WL2 x DPR),14,0,NA,NA,NA,NA,0,0
D_25_A,D,25,A,447,Parent,DPR,19,1,0,NA,NA,NA,0,0
D_25_B,D,25,B,358,F2,(TM2 x WL2) x (WL2),2,1,0,NA,NA,NA,0,0
D_26_A,D,26,A,950,F2,(LV1 x WL2) x (TM2 x WL2),8,0,NA,NA,NA,NA,0,0
D_26_B,D,26,B,148,Parent,WL2,53,1,0,NA,NA,NA,0,0
D_27_A,D,27,A,1401,F2,(WV) x (WV x WL2),15,1,0,NA,NA,NA,0,0
D_27_B,D,27,B,756,F2,(TM2 x BH) x (BH),14,0,NA,NA,NA,NA,0,0
D_28_A,D,28,A,495,Parent,TM2,25,1,0,NA,NA,NA,0,0
D_28_B,D,28,B,1244,F1,LV1 x TM2,20,1,0,NA,NA,NA,0,0
D_29_A,D,29,A,75,F2,(LV1 x WL2) x (WL2),12,1,0,NA,NA,NA,0,0
D_29_B,D,29,B,315,F2,(TM2 x WL2) x (SQ3 x WL2),11,1,0,NA,NA,NA,0,0
D_31_A,D,31,A,103,Parent,WL2,8,1,1,1,1,16,1,16
D_31_B,D,31,B,813,F2,(SQ3 x WL2) x (DPR x WL2),11,0,NA,NA,NA,NA,0,0
D_32_A,D,32,A,92,F2,(SQ3 x WL2) x (WL2),13,1,0,NA,NA,NA,0,0
D_32_B,D,32,B,538,Parent,TM2,68,0,NA,NA,NA,NA,0,0
D_33_A,D,33,A,269,F2,(WV x WL2) x (WV),2,0,NA,NA,NA,NA,0,0
D_33_B,D,33,B,741,F2,(DPR) x (WL2 x DPR),15,1,0,NA,NA,NA,0,0
D_34_A,D,34,A,1280,F1,TM2 x WL2,4,1,1,1,1,1,1,1
D_34_B,D,34,B,246,F2,(WL2 x BH) x (WL2 x TM2),11,1,1,1,1,29,1,29
D_35_A,D,35,A,1101,F2,(WL2 x DPR) x (WL2),4,1,1,0,NA,NA,0,0
D_36_A,D,36,A,503,Parent,TM2,33,1,1,0,NA,NA,0,0
D_36_B,D,36,B,190,Parent,WL2,95,1,1,1,1,30,1,30
D_37_B,D,37,B,531,Parent,TM2,61,0,NA,NA,NA,NA,0,0
D_38_A,D,38,A,713,F2,(DPR) x (DPR x WL2),3,1,0,NA,NA,NA,0,0
D_38_B,D,38,B,6,Parent,LV1,6,0,NA,NA,NA,NA,0,0
D_39_A,D,39,A,350,F2,(TM2 x WL2) x (TM2),8,1,0,NA,NA,NA,0,0
D_39_B,D,39,B,484,Parent,TM2,14,1,0,NA,NA,NA,0,0
D_40_A,D,40,A,1214,F1,DPR x WL2,5,1,0,NA,NA,NA,0,0
D_41_A,D,41,A,757,F2,(TM2 x BH) x (BH),15,1,0,NA,NA,NA,0,0
D_41_B,D,41,B,559,Parent,TM2,89,1,0,NA,NA,NA,0,0
D_42_B,D,42,B,897,F2,(WL2) x (DPR x WL2),3,1,0,NA,NA,NA,0,0
D_43_A,D,43,A,1190,F2,(WL2 x CC) x (WL2 x TM2),13,0,NA,NA,NA,NA,0,0
D_43_B,D,43,B,40,Parent,SQ3,19,0,NA,NA,NA,NA,0,0
D_44_A,D,44,A,895,F2,(WL2) x (DPR x WL2),1,1,1,1,1,1,1,1
D_45_A,D,45,A,205,F1,WV x TM2,13,1,0,NA,NA,NA,0,0
D_45_B,D,45,B,960,F2,(LV1 x WL2) x (WL2 x DPR),5,1,0,NA,NA,NA,0,0
D_46_A,D,46,A,1023,F2,(LV1 x WL2) x (LV1 x WL2),6,0,NA,NA,NA,NA,0,0
D_46_B,D,46,B,398,Parent,BH,12,1,1,1,1,11,1,11
D_47_B,D,47,B,157,Parent,WL2,62,0,NA,NA,NA,NA,0,0
D_48_A,D,48,A,485,Parent,TM2,15,1,0,NA,NA,NA,0,0
D_48_B,D,48,B,1403,F1,WV x WL2,1,1,1,1,1,19,1,19
D_49_A,D,49,A,7,Parent,LV1,7,1,0,NA,NA,NA,0,0
D_49_B,D,49,B,778,F2,(YO11 x WL2) x (DPR x WL2),6,1,0,NA,NA,NA,0,0
D_50_A,D,50,A,270,F2,(WV x WL2) x (WV),3,1,0,NA,NA,NA,0,0
D_50_B,D,50,B,490,Parent,TM2,20,0,NA,NA,NA,NA,0,0
D_51_A,D,51,A,77,F2,(LV1 x WL2) x (WL2),14,1,1,0,NA,NA,0,0
D_51_B,D,51,B,632,F1,BH x WL2,22,1,0,NA,NA,NA,0,0
D_52_A,D,52,A,299,Parent,WL1,16,1,1,0,NA,NA,0,0
D_52_B,D,52,B,326,F2,(WL1 x TM2) x (WL2 x TM2),6,1,0,NA,NA,NA,0,0
D_53_A,D,53,A,522,Parent,TM2,52,1,1,1,1,2,1,2
D_54_A,D,54,A,1117,F2,(WL1 x WL2) x (WL2 x CC),4,0,NA,NA,NA,NA,0,0
D_54_B,D,54,B,1387,F2,(WV) x (WV x WL2),1,1,0,NA,NA,NA,0,0
D_55_A,D,55,A,254,F2,(WL2 x TM2) x (CC x TM2),3,1,0,NA,NA,NA,0,0
D_55_B,D,55,B,181,Parent,WL2,86,0,NA,NA,NA,NA,0,0
D_57_A,D,57,A,1242,F1,LV1 x TM2,18,0,NA,NA,NA,NA,0,0
D_57_B,D,57,B,1344,F2,(TM2 x BH) x (TM2 x BH),10,0,NA,NA,NA,NA,0,0
D_58_B,D,58,B,1327,F2,(WV x WL2) x (WL2 x DPR),3,1,1,1,1,32,1,32
D_59_A,D,59,A,114,Parent,WL2,19,0,NA,NA,NA,NA,0,0
D_4_C,D,4,C,488,Parent,TM2,18,0,NA,NA,NA,NA,0,0
D_4_D,D,4,D,504,Parent,TM2,34,1,0,NA,NA,NA,0,0
D_5_C,D,5,C,772,F2,(WL2) x (WV x WL2),14,1,0,NA,NA,NA,0,0
D_5_D,D,5,D,165,Parent,WL2,70,0,NA,NA,NA,NA,0,0
D_7_C,D,7,C,213,F1,WV x TM2,20,1,0,NA,NA,NA,0,0
D_8_D,D,8,D,345,F2,(TM2 x WL2) x (TM2),3,1,0,NA,NA,NA,0,0
D_9_C,D,9,C,1400,F2,(WV) x (WV x WL2),14,1,0,NA,NA,NA,0,0
D_9_D,D,9,D,135,Parent,WL2,40,0,NA,NA,NA,NA,0,0
D_10_C,D,10,C,986,F2,(LV1 x WL2) x (YO11 x WL2),1,1,0,NA,NA,NA,0,0
D_10_D,D,10,D,552,Parent,TM2,82,1,1,0,NA,NA,0,0
D_11_C,D,11,C,482,Parent,TM2,12,1,0,NA,NA,NA,0,0
D_11_D,D,11,D,359,F2,(TM2 x WL2) x (WL2),3,1,1,0,NA,NA,0,0
D_12_C,D,12,C,144,Parent,WL2,49,1,1,1,1,27,1,27
D_13_C,D,13,C,755,F2,(TM2 x BH) x (BH),13,1,0,NA,NA,NA,0,0
D_13_D,D,13,D,1159,F2,(WL1 x WL2) x (WL2 x TM2),14,0,NA,NA,NA,NA,0,0
D_14_C,D,14,C,934,F2,(YO11 x WL2) x (WL2),8,1,0,NA,NA,NA,0,0
D_14_D,D,14,D,180,Parent,WL2,85,0,NA,NA,NA,NA,0,0
D_15_C,D,15,C,324,F2,(WL1 x TM2) x (WL2 x TM2),4,1,0,NA,NA,NA,0,0
D_15_D,D,15,D,102,Parent,WL2,7,0,NA,NA,NA,NA,0,0
D_16_C,D,16,C,1510,F2,(SQ3 x WL2) x (YO11 x WL2),11,0,NA,NA,NA,NA,0,0
D_16_D,D,16,D,396,Parent,BH,10,1,0,NA,NA,NA,0,0
D_17_C,D,17,C,1176,F2,(WL2 x BH) x (SQ3 x WL2),15,1,0,NA,NA,NA,0,0
D_17_D,D,17,D,1084,F2,(TM2 x WL2) x (TM2 x WL2),3,1,0,NA,NA,NA,0,0
D_18_C,D,18,C,1281,F1,TM2 x WL2,5,0,NA,NA,NA,NA,0,0
D_18_D,D,18,D,548,Parent,TM2,78,0,NA,NA,NA,NA,0,0
D_19_C,D,19,C,578,F2,(WL2 x DPR) x (YO11 x WL2),10,0,NA,NA,NA,NA,0,0
D_19_D,D,19,D,1005,F2,(YO11 x WL2) x (SQ3 x WL2),4,0,NA,NA,NA,NA,0,0
D_20_C,D,20,C,509,Parent,TM2,39,0,NA,NA,NA,NA,0,0
D_20_D,D,20,D,525,Parent,TM2,55,1,0,NA,NA,NA,0,0
D_21_C,D,21,C,53,Parent,YO11,11,1,1,1,1,3,1,3
D_21_D,D,21,D,252,F2,(WL2 x TM2) x (CC x TM2),1,1,0,NA,NA,NA,0,0
D_22_C,D,22,C,1345,F2,(TM2 x BH) x (TM2 x BH),11,1,0,NA,NA,NA,0,0
D_22_D,D,22,D,815,F2,(SQ3 x WL2) x (DPR x WL2),13,1,1,1,1,6,1,6
D_23_C,D,23,C,338,F2,(WL1 x WL2) x (BH x WL2),7,1,0,NA,NA,NA,0,0
D_23_D,D,23,D,704,F2,(DPR x WL2) x (YO11 x WL2),10,1,0,NA,NA,NA,0,0
D_24_C,D,24,C,348,F2,(TM2 x WL2) x (TM2),6,1,0,NA,NA,NA,0,0
D_24_D,D,24,D,301,Parent,WL1,18,0,NA,NA,NA,NA,0,0
D_25_D,D,25,D,882,F2,(SQ3 x WL2) x (TM2 x WL2),4,1,0,NA,NA,NA,0,0
D_26_D,D,26,D,911,F2,(WL2) x (TM2 x WL2),1,1,0,NA,NA,NA,0,0
D_27_C,D,27,C,562,Parent,TM2,92,0,NA,NA,NA,NA,0,0
D_27_D,D,27,D,1114,F2,(WL1 x WL2) x (WL2 x CC),1,0,NA,NA,NA,NA,0,0
D_28_C,D,28,C,740,F2,(DPR) x (WL2 x DPR),14,1,0,NA,NA,NA,0,0
D_28_D,D,28,D,483,Parent,TM2,13,0,NA,NA,NA,NA,0,0
D_30_C,D,30,C,1469,F2,(DPR x WL2) x (WV x WL2),13,1,1,0,NA,NA,0,0
D_32_C,D,32,C,767,F2,(WL2) x (WV x WL2),9,1,0,NA,NA,NA,0,0
D_32_D,D,32,D,1402,F2,(WV) x (WV x WL2),16,0,NA,NA,NA,NA,0,0
D_33_C,D,33,C,150,Parent,WL2,55,1,0,NA,NA,NA,0,0
D_33_D,D,33,D,129,Parent,WL2,34,0,NA,NA,NA,NA,0,0
D_34_C,D,34,C,879,F2,(SQ3 x WL2) x (TM2 x WL2),1,0,NA,NA,NA,NA,0,0
D_34_D,D,34,D,601,F1,BH x TM2,17,0,NA,NA,NA,NA,0,0
D_35_C,D,35,C,127,Parent,WL2,32,0,NA,NA,NA,NA,0,0
D_36_C,D,36,C,204,F1,WV x TM2,12,1,1,1,0,NA,0,0
D_36_D,D,36,D,640,F1,SQ3 x WL2,4,1,0,NA,NA,NA,0,0
D_37_C,D,37,C,1189,F2,(WL2 x CC) x (WL2 x TM2),12,1,0,NA,NA,NA,0,0
D_37_D,D,37,D,312,F2,(TM2 x WL2) x (SQ3 x WL2),8,1,0,NA,NA,NA,0,0
D_38_D,D,38,D,1339,F2,(TM2 x BH) x (TM2 x BH),5,0,NA,NA,NA,NA,0,0
D_39_C,D,39,C,397,Parent,BH,11,1,0,NA,NA,NA,0,0
D_39_D,D,39,D,253,F2,(WL2 x TM2) x (CC x TM2),2,0,NA,NA,NA,NA,0,0
D_40_D,D,40,D,1430,F2,(CC x TM2) x (WL2 x TM2),2,1,1,1,1,11,1,11
D_41_C,D,41,C,1165,F2,(WL2 x BH) x (SQ3 x WL2),4,1,0,NA,NA,NA,0,0
D_41_D,D,41,D,1404,F1,WV x WL2,2,1,1,1,1,17,1,17
D_42_C,D,42,C,161,Parent,WL2,66,1,0,NA,NA,NA,0,0
D_42_D,D,42,D,795,F2,(YO11 x WL2) x (WL2 x TM2),8,0,NA,NA,NA,NA,0,0
D_43_C,D,43,C,491,Parent,TM2,21,1,1,1,1,0,0,0
D_43_D,D,43,D,76,F2,(LV1 x WL2) x (WL2),13,1,1,1,1,11,1,11
D_44_C,D,44,C,363,F2,(TM2 x WL2) x (WL2),7,1,1,1,1,4,1,4
D_44_D,D,44,D,297,Parent,WL1,14,1,0,NA,NA,NA,0,0
D_45_C,D,45,C,385,F2,(TM2 x WL2) x (YO11 x WL2),13,1,1,1,1,1,1,1
D_45_D,D,45,D,1233,F1,LV1 x TM2,9,0,NA,NA,NA,NA,0,0
D_46_C,D,46,C,542,Parent,TM2,72,0,NA,NA,NA,NA,0,0
D_46_D,D,46,D,917,F2,(WL2) x (TM2 x WL2),7,0,NA,NA,NA,NA,0,0
D_47_C,D,47,C,104,Parent,WL2,9,0,NA,NA,NA,NA,0,0
D_47_D,D,47,D,758,F2,(TM2 x BH) x (BH),16,0,NA,NA,NA,NA,0,0
D_48_C,D,48,C,1211,F1,DPR x WL2,2,0,NA,NA,NA,NA,0,0
D_48_D,D,48,D,133,Parent,WL2,38,0,NA,NA,NA,NA,0,0
D_49_C,D,49,C,212,F1,WV x TM2,19,1,0,NA,NA,NA,0,0
D_49_D,D,49,D,1313,F2,(WL2 x CC) x (SQ3 x WL2),9,1,0,NA,NA,NA,0,0
D_50_C,D,50,C,992,F2,(LV1 x WL2) x (YO11 x WL2),7,0,NA,NA,NA,NA,0,0
D_50_D,D,50,D,1154,F2,(WL1 x WL2) x (WL2 x TM2),9,0,NA,NA,NA,NA,0,0
D_51_D,D,51,D,175,Parent,WL2,80,0,NA,NA,NA,NA,0,0
D_52_C,D,52,C,1271,F1,LV1 x WL2,21,0,NA,NA,NA,NA,0,0
D_52_D,D,52,D,93,F2,(SQ3 x WL2) x (WL2),14,1,0,NA,NA,NA,0,0
D_53_C,D,53,C,310,F2,(TM2 x WL2) x (SQ3 x WL2),6,0,NA,NA,NA,NA,0,0
D_53_D,D,53,D,742,F2,(DPR) x (WL2 x DPR),16,1,0,NA,NA,NA,0,0
D_54_C,D,54,C,1191,F2,(WL2 x CC) x (WL2 x TM2),14,1,0,NA,NA,NA,0,0
D_54_D,D,54,D,762,F2,(WL2) x (WV x WL2),4,1,0,NA,NA,NA,0,0
D_55_D,D,55,D,936,F2,(YO11 x WL2) x (WL2),10,1,1,1,1,5,1,5
D_56_C,D,56,C,511,Parent,TM2,41,1,0,NA,NA,NA,0,0
D_56_D,D,56,D,608,F1,BH x TM2,24,1,1,0,NA,NA,0,0
E_5_A,E,5,A,958,F2,(LV1 x WL2) x (WL2 x DPR),3,0,NA,NA,NA,NA,0,0
E_5_B,E,5,B,218,F1,WV x TM2,25,0,NA,NA,NA,NA,0,0
E_6_B,E,6,B,498,Parent,TM2,28,0,NA,NA,NA,NA,0,0
E_7_A,E,7,A,700,F2,(DPR x WL2) x (YO11 x WL2),6,0,NA,NA,NA,NA,0,0
E_7_B,E,7,B,1496,F2,(TM2 x WL2) x (LV1 x WL2),4,1,0,NA,NA,NA,0,0
E_8_A,E,8,A,883,F2,(SQ3 x WL2) x (TM2 x WL2),5,1,0,NA,NA,NA,0,0
E_9_A,E,9,A,928,F2,(YO11 x WL2) x (WL2),2,0,NA,NA,NA,NA,0,0
E_10_A,E,10,A,399,Parent,BH,13,1,1,1,1,0,0,0
E_10_B,E,10,B,727,F2,(DPR) x (WL2 x DPR),1,0,NA,NA,NA,NA,0,0
E_11_A,E,11,A,566,Parent,TM2,96,0,NA,NA,NA,NA,0,0
E_11_B,E,11,B,998,F2,(LV1 x WL2) x (YO11 x WL2),13,1,0,NA,NA,NA,0,0
E_12_A,E,12,A,158,Parent,WL2,63,0,NA,NA,NA,NA,0,0
E_12_B,E,12,B,1253,F1,LV1 x WL2,3,1,0,NA,NA,NA,0,0
E_13_A,E,13,A,454,Parent,WV,5,0,NA,NA,NA,NA,0,0
E_14_A,E,14,A,173,Parent,WL2,78,0,NA,NA,NA,NA,0,0
E_14_B,E,14,B,25,Parent,SQ3,4,0,NA,NA,NA,NA,0,0
E_15_A,E,15,A,8,Parent,LV1,8,0,NA,NA,NA,NA,0,0
E_15_B,E,15,B,777,F2,(YO11 x WL2) x (DPR x WL2),5,0,NA,NA,NA,NA,0,0
E_16_A,E,16,A,690,F2,(DPR x WL2) x (SQ3 x WL2),12,1,0,NA,NA,NA,0,0
E_16_B,E,16,B,206,F1,WV x TM2,14,1,0,NA,NA,NA,0,0
E_17_A,E,17,A,770,F2,(WL2) x (WV x WL2),12,1,0,NA,NA,NA,0,0
E_17_B,E,17,B,944,F2,(LV1 x WL2) x (TM2 x WL2),2,1,0,NA,NA,NA,0,0
E_18_A,E,18,A,916,F2,(WL2) x (TM2 x WL2),6,0,NA,NA,NA,NA,0,0
E_18_B,E,18,B,372,F2,(TM2 x WL2) x (WL2),16,1,1,1,1,14,1,14
E_19_A,E,19,A,78,F2,(LV1 x WL2) x (WL2),15,0,NA,NA,NA,NA,0,0
E_19_B,E,19,B,105,Parent,WL2,10,0,NA,NA,NA,NA,0,0
E_20_A,E,20,A,271,F2,(WV x WL2) x (WV),4,1,0,NA,NA,NA,0,0
E_20_B,E,20,B,94,F2,(SQ3 x WL2) x (WL2),15,0,NA,NA,NA,NA,0,0
E_23_A,E,23,A,400,Parent,BH,14,1,1,0,NA,NA,0,0
E_24_A,E,24,A,761,F2,(WL2) x (WV x WL2),3,1,0,NA,NA,NA,0,0
E_24_B,E,24,B,431,Parent,DPR,3,0,NA,NA,NA,NA,0,0
E_25_A,E,25,A,1429,F2,(CC x TM2) x (WL2 x TM2),1,1,0,NA,NA,NA,0,0
E_26_A,E,26,A,296,Parent,WL1,13,1,0,NA,NA,NA,0,0
E_26_B,E,26,B,563,Parent,TM2,93,1,0,NA,NA,NA,0,0
E_27_A,E,27,A,95,F2,(SQ3 x WL2) x (WL2),16,1,1,1,1,1,1,1
E_27_B,E,27,B,1319,F2,(WL2 x DPR) x (TM2 x WL2),6,1,0,NA,NA,NA,0,0
E_28_B,E,28,B,151,Parent,WL2,56,0,NA,NA,NA,NA,0,0
E_29_B,E,29,B,707,F2,(DPR x WL2) x (YO11 x WL2),13,0,NA,NA,NA,NA,0,0
E_41_A,E,41,A,1342,F2,(TM2 x BH) x (TM2 x BH),8,0,NA,NA,NA,NA,0,0
E_41_B,E,41,B,851,F2,(SQ3 x WL2) x (LV1 x WL2),3,0,NA,NA,NA,NA,0,0
E_42_A,E,42,A,207,F1,WV x TM2,3,0,NA,NA,NA,NA,0,0
E_42_B,E,42,B,1248,F1,LV1 x TM2,24,0,NA,NA,NA,NA,0,0
E_43_A,E,43,A,369,F2,(TM2 x WL2) x (WL2),13,1,1,1,0,NA,0,0
E_43_B,E,43,B,1389,F2,(WV) x (WV x WL2),3,0,NA,NA,NA,NA,0,0
E_44_A,E,44,A,168,Parent,WL2,73,1,0,NA,NA,NA,0,0
E_45_B,E,45,B,142,Parent,WL2,47,0,NA,NA,NA,NA,0,0
E_46_A,E,46,A,1147,F2,(WL1 x WL2) x (WL2 x TM2),2,0,NA,NA,NA,NA,0,0
E_47_B,E,47,B,505,Parent,TM2,35,0,NA,NA,NA,NA,0,0
E_48_B,E,48,B,1037,F2,(TM2 x BH) x (TM2 x WL2),4,0,NA,NA,NA,NA,0,0
E_50_A,E,50,A,774,F2,(YO11 x WL2) x (DPR x WL2),2,0,NA,NA,NA,NA,0,0
E_50_B,E,50,B,1193,F2,(WL2 x CC) x (WL2 x TM2),16,1,1,1,1,1,1,1
E_51_A,E,51,A,334,F2,(WL1 x WL2) x (BH x WL2),3,1,1,1,1,6,1,6
E_4_C,E,4,C,1457,F2,(DPR x WL2) x (WV x WL2),1,1,0,NA,NA,NA,0,0
E_4_D,E,4,D,1234,F1,LV1 x TM2,10,0,NA,NA,NA,NA,0,0
E_5_C,E,5,C,250,F2,(WL2 x BH) x (WL2 x TM2),15,0,NA,NA,NA,NA,0,0
E_5_D,E,5,D,875,F2,(SQ3 x WL2) x (SQ3 x WL2),11,0,NA,NA,NA,NA,0,0
E_6_C,E,6,C,527,Parent,TM2,57,0,NA,NA,NA,NA,0,0
E_6_D,E,6,D,743,F2,(TM2 x BH) x (BH),1,0,NA,NA,NA,NA,0,0
E_7_C,E,7,C,1103,F2,(WL2 x DPR) x (WL2),6,0,NA,NA,NA,NA,0,0
E_7_D,E,7,D,1406,F1,WV x WL2,4,1,1,1,1,27,1,27
E_8_C,E,8,C,1212,F1,DPR x WL2,3,1,0,NA,NA,NA,0,0
E_8_D,E,8,D,486,Parent,TM2,16,0,NA,NA,NA,NA,0,0
E_9_C,E,9,C,293,Parent,WL1,10,0,NA,NA,NA,NA,0,0
E_9_D,E,9,D,1335,F2,(TM2 x BH) x (TM2 x BH),1,1,0,NA,NA,NA,0,0
E_10_C,E,10,C,1247,F1,LV1 x TM2,23,0,NA,NA,NA,NA,0,0
E_10_D,E,10,D,1192,F2,(WL2 x CC) x (WL2 x TM2),15,0,NA,NA,NA,NA,0,0
E_11_C,E,11,C,682,F2,(DPR x WL2) x (SQ3 x WL2),4,0,NA,NA,NA,NA,0,0
E_11_D,E,11,D,378,F2,(TM2 x WL2) x (YO11 x WL2),6,0,NA,NA,NA,NA,0,0
E_12_C,E,12,C,235,F2,(TM2) x (TM2 x WL2),16,0,NA,NA,NA,NA,0,0
E_12_D,E,12,D,909,F2,(WL2) x (DPR x WL2),15,1,0,NA,NA,NA,0,0
E_13_C,E,13,C,605,F1,BH x TM2,21,1,0,NA,NA,NA,0,0
E_13_D,E,13,D,1490,F2,(TM2 x WL2) x (DPR x WL2),2,1,1,1,1,59,1,59
E_14_C,E,14,C,308,F2,(TM2 x WL2) x (SQ3 x WL2),4,0,NA,NA,NA,NA,0,0
E_14_D,E,14,D,437,Parent,DPR,9,1,0,NA,NA,NA,0,0
E_15_C,E,15,C,517,Parent,TM2,47,0,NA,NA,NA,NA,0,0
E_16_C,E,16,C,140,Parent,WL2,45,0,NA,NA,NA,NA,0,0
E_17_C,E,17,C,116,Parent,WL2,21,0,NA,NA,NA,NA,0,0
E_17_D,E,17,D,545,Parent,TM2,75,0,NA,NA,NA,NA,0,0
E_18_C,E,18,C,1167,F2,(WL2 x BH) x (SQ3 x WL2),6,0,NA,NA,NA,NA,0,0
E_18_D,E,18,D,178,Parent,WL2,83,0,NA,NA,NA,NA,0,0
E_19_C,E,19,C,1388,F2,(WV) x (WV x WL2),2,1,0,NA,NA,NA,0,0
E_19_D,E,19,D,255,F2,(WL2 x TM2) x (CC x TM2),4,1,1,0,NA,NA,0,0
E_22_C,E,22,C,568,Parent,TM2,98,0,NA,NA,NA,NA,0,0
E_22_D,E,22,D,1235,F1,LV1 x TM2,11,1,0,NA,NA,NA,0,0
E_24_C,E,24,C,272,F2,(WV x WL2) x (WV),5,0,NA,NA,NA,NA,0,0
E_24_D,E,24,D,117,Parent,WL2,22,1,0,NA,NA,NA,0,0
E_25_C,E,25,C,244,F2,(WL2 x BH) x (WL2 x TM2),9,1,0,NA,NA,NA,0,0
E_26_C,E,26,C,106,Parent,WL2,11,0,NA,NA,NA,NA,0,0
E_26_D,E,26,D,26,Parent,SQ3,5,0,NA,NA,NA,NA,0,0
E_27_D,E,27,D,79,F2,(LV1 x WL2) x (WL2),16,1,1,1,1,26,1,26
E_28_C,E,28,C,744,F2,(TM2 x BH) x (BH),2,0,NA,NA,NA,NA,0,0
E_28_D,E,28,D,9,Parent,LV1,9,0,NA,NA,NA,NA,0,0
E_29_C,E,29,C,182,Parent,WL2,87,1,0,NA,NA,NA,0,0
E_41_C,E,41,C,956,F2,(LV1 x WL2) x (WL2 x DPR),1,1,0,NA,NA,NA,0,0
E_41_D,E,41,D,904,F2,(WL2) x (DPR x WL2),10,0,NA,NA,NA,NA,0,0
E_42_C,E,42,C,1424,F1,WV x WL2,22,1,0,NA,NA,NA,0,0
E_42_D,E,42,D,256,F2,(WL2 x TM2) x (CC x TM2),5,1,0,NA,NA,NA,0,0
E_43_C,E,43,C,1259,F1,LV1 x WL2,9,0,NA,NA,NA,NA,0,0
E_44_C,E,44,C,470,Parent,WV,21,0,NA,NA,NA,NA,0,0
E_44_D,E,44,D,940,F2,(YO11 x WL2) x (WL2),14,0,NA,NA,NA,NA,0,0
E_45_C,E,45,C,1120,F2,(WL1 x WL2) x (WL2 x CC),7,0,NA,NA,NA,NA,0,0
E_45_D,E,45,D,471,Parent,TM2,1,0,NA,NA,NA,NA,0,0
E_46_C,E,46,C,594,F1,BH x TM2,10,0,NA,NA,NA,NA,0,0
E_46_D,E,46,D,549,Parent,TM2,79,0,NA,NA,NA,NA,0,0
E_47_C,E,47,C,216,F1,WV x TM2,23,0,NA,NA,NA,NA,0,0
E_47_D,E,47,D,500,Parent,TM2,30,0,NA,NA,NA,NA,0,0
E_48_C,E,48,C,328,F2,(WL1 x TM2) x (WL2 x TM2),8,1,0,NA,NA,NA,0,0
E_48_D,E,48,D,728,F2,(DPR) x (WL2 x DPR),2,0,NA,NA,NA,NA,0,0
E_49_C,E,49,C,380,F2,(TM2 x WL2) x (YO11 x WL2),8,1,1,1,0,6,1,6
E_49_D,E,49,D,519,Parent,TM2,49,1,0,NA,NA,NA,0,0
E_50_C,E,50,C,318,F2,(TM2 x WL2) x (SQ3 x WL2),14,0,NA,NA,NA,NA,0,0
F_4_B,F,4,B,12,Parent,LV1,12,0,NA,NA,NA,NA,0,0
F_5_A,F,5,A,952,F2,(LV1 x WL2) x (TM2 x WL2),10,0,NA,NA,NA,NA,0,0
F_6_A,F,6,A,768,F2,(WL2) x (WV x WL2),10,0,NA,NA,NA,NA,0,0
F_6_B,F,6,B,1118,F2,(WL1 x WL2) x (WL2 x CC),5,0,NA,NA,NA,NA,0,0
F_7_A,F,7,A,993,F2,(LV1 x WL2) x (YO11 x WL2),8,0,NA,NA,NA,NA,0,0
F_8_A,F,8,A,535,Parent,TM2,65,0,NA,NA,NA,NA,0,0
F_9_A,F,9,A,273,F2,(WV x WL2) x (WV),6,0,NA,NA,NA,NA,0,0
F_9_B,F,9,B,1390,F2,(WV) x (WV x WL2),4,1,0,NA,NA,NA,0,0
F_10_A,F,10,A,1169,F2,(WL2 x BH) x (SQ3 x WL2),8,0,NA,NA,NA,NA,0,0
F_10_B,F,10,B,1146,F2,(WL1 x WL2) x (WL2 x TM2),1,0,NA,NA,NA,NA,0,0
F_11_A,F,11,A,23,Parent,SQ3,2,0,NA,NA,NA,NA,0,0
F_11_B,F,11,B,510,Parent,TM2,40,0,NA,NA,NA,NA,0,0
F_12_A,F,12,A,80,F2,(SQ3 x WL2) x (WL2),1,0,NA,NA,NA,NA,0,0
F_12_B,F,12,B,1178,F2,(WL2 x CC) x (WL2 x TM2),1,0,NA,NA,NA,NA,0,0
F_13_A,F,13,A,645,F1,SQ3 x WL2,9,1,0,NA,NA,NA,0,0
F_13_B,F,13,B,160,Parent,WL2,65,1,0,NA,NA,NA,0,0
F_14_A,F,14,A,529,Parent,TM2,59,1,0,NA,NA,NA,0,0
F_15_A,F,15,A,712,F2,(DPR) x (DPR x WL2),2,1,0,NA,NA,NA,0,0
F_15_B,F,15,B,1200,F2,(WL2 x DPR) x (DPR),7,1,0,NA,NA,NA,0,0
F_16_A,F,16,A,1463,F2,(DPR x WL2) x (WV x WL2),7,1,1,1,1,7,1,7
F_16_B,F,16,B,401,Parent,BH,15,1,0,NA,NA,NA,0,0
F_17_A,F,17,A,146,Parent,WL2,51,1,0,NA,NA,NA,0,0
F_17_B,F,17,B,377,F2,(TM2 x WL2) x (YO11 x WL2),5,1,0,NA,NA,NA,0,0
F_18_A,F,18,A,131,Parent,WL2,36,0,NA,NA,NA,NA,0,0
F_19_A,F,19,A,1061,F2,(TM2 x BH) x (TM2),12,1,0,NA,NA,NA,0,0
F_20_A,F,20,A,1321,F2,(WL2 x DPR) x (TM2 x WL2),8,1,1,0,NA,NA,0,0
F_20_B,F,20,B,1338,F2,(TM2 x BH) x (TM2 x BH),4,0,NA,NA,NA,NA,0,0
F_21_A,F,21,A,1270,F1,LV1 x WL2,20,0,NA,NA,NA,NA,0,0
F_21_B,F,21,B,520,Parent,TM2,50,1,1,0,NA,NA,0,0
F_22_A,F,22,A,492,Parent,TM2,22,1,1,0,NA,NA,0,0
F_22_B,F,22,B,515,Parent,TM2,45,1,0,NA,NA,NA,0,0
F_23_A,F,23,A,1170,F2,(WL2 x BH) x (SQ3 x WL2),9,1,0,NA,NA,NA,0,0
F_23_B,F,23,B,108,Parent,WL2,13,1,0,NA,NA,NA,0,0
F_24_B,F,24,B,81,F2,(SQ3 x WL2) x (WL2),2,0,NA,NA,NA,NA,0,0
F_25_A,F,25,A,402,Parent,BH,16,1,1,0,NA,NA,0,0
F_25_B,F,25,B,367,F2,(TM2 x WL2) x (WL2),11,0,NA,NA,NA,NA,0,0
F_26_B,F,26,B,13,Parent,LV1,13,0,NA,NA,NA,NA,0,0
F_27_A,F,27,A,1391,F2,(WV) x (WV x WL2),5,0,NA,NA,NA,NA,0,0
F_27_B,F,27,B,138,Parent,WL2,43,0,NA,NA,NA,NA,0,0
F_39_A,F,39,A,861,F2,(SQ3 x WL2) x (LV1 x WL2),13,1,1,1,1,5,1,5
F_39_B,F,39,B,1237,F1,LV1 x TM2,13,1,0,NA,NA,NA,0,0
F_40_A,F,40,A,1009,F2,(YO11 x WL2) x (SQ3 x WL2),8,1,0,NA,NA,NA,0,0
F_41_A,F,41,A,425,Parent,CC,18,1,0,NA,NA,NA,0,0
F_41_B,F,41,B,547,Parent,TM2,77,1,1,0,NA,NA,0,0
F_42_A,F,42,A,1179,F2,(WL2 x CC) x (WL2 x TM2),2,1,0,NA,NA,NA,0,0
F_43_A,F,43,A,678,F2,(BH) x (TM2 x BH),16,0,NA,NA,NA,NA,0,0
F_45_A,F,45,A,172,Parent,WL2,77,0,NA,NA,NA,NA,0,0
F_4_C,F,4,C,1047,F2,(TM2 x BH) x (TM2 x WL2),14,0,NA,NA,NA,NA,0,0
F_4_D,F,4,D,472,Parent,TM2,2,0,NA,NA,NA,NA,0,0
F_5_D,F,5,D,820,F2,(YO11 x WL2) x (TM2 x WL2),4,0,NA,NA,NA,NA,0,0
F_6_C,F,6,C,745,F2,(TM2 x BH) x (BH),3,1,0,NA,NA,NA,0,0
F_6_D,F,6,D,565,Parent,TM2,95,1,1,1,1,2,1,2
F_7_C,F,7,C,1236,F1,LV1 x TM2,12,1,0,NA,NA,NA,0,0
F_7_D,F,7,D,1249,F1,LV1 x TM2,25,1,0,NA,NA,NA,0,0
F_8_D,F,8,D,496,Parent,TM2,26,0,NA,NA,NA,NA,0,0
F_9_C,F,9,C,930,F2,(YO11 x WL2) x (WL2),4,0,NA,NA,NA,NA,0,0
F_9_D,F,9,D,1065,F2,(TM2 x BH) x (TM2),16,0,NA,NA,NA,NA,0,0
F_10_D,F,10,D,115,Parent,WL2,20,0,NA,NA,NA,NA,0,0
F_11_C,F,11,C,965,F2,(LV1 x WL2) x (WL2 x DPR),10,0,NA,NA,NA,NA,0,0
F_11_D,F,11,D,257,F2,(WL2 x TM2) x (CC x TM2),6,0,NA,NA,NA,NA,0,0
F_12_C,F,12,C,1440,F2,(DPR x WL2) x (DPR x WL2),9,1,0,NA,NA,NA,0,0
F_12_D,F,12,D,107,Parent,WL2,12,0,NA,NA,NA,NA,0,0
F_13_C,F,13,C,432,Parent,DPR,4,0,NA,NA,NA,NA,0,0
F_13_D,F,13,D,188,Parent,WL2,93,0,NA,NA,NA,NA,0,0
F_14_C,F,14,C,357,F2,(TM2 x WL2) x (WL2),1,1,0,NA,NA,NA,0,0
F_14_D,F,14,D,302,Parent,WL1,19,1,0,NA,NA,NA,0,0
F_15_C,F,15,C,455,Parent,WV,6,0,NA,NA,NA,NA,0,0
F_15_D,F,15,D,689,F2,(DPR x WL2) x (SQ3 x WL2),11,0,NA,NA,NA,NA,0,0
F_16_C,F,16,C,316,F2,(TM2 x WL2) x (SQ3 x WL2),12,0,NA,NA,NA,NA,0,0
F_17_C,F,17,C,1008,F2,(YO11 x WL2) x (SQ3 x WL2),7,0,NA,NA,NA,NA,0,0
F_18_C,F,18,C,1453,F2,(DPR x WL2) x (TM2 x WL2),11,0,NA,NA,NA,NA,0,0
F_18_D,F,18,D,64,F2,(LV1 x WL2) x (WL2),1,1,1,1,1,23,1,23
F_19_D,F,19,D,217,F1,WV x TM2,24,0,NA,NA,NA,NA,0,0
F_20_C,F,20,C,1222,F1,TM2 x YO11,5,1,0,NA,NA,NA,0,0
F_20_D,F,20,D,381,F2,(TM2 x WL2) x (YO11 x WL2),9,1,1,1,1,13,1,13
F_21_C,F,21,C,258,F2,(WL2 x TM2) x (CC x TM2),7,0,NA,NA,NA,NA,0,0
F_21_D,F,21,D,730,F2,(DPR) x (WL2 x DPR),4,1,0,NA,NA,NA,0,0
F_22_C,F,22,C,295,Parent,WL1,12,1,1,0,NA,NA,0,0
F_22_D,F,22,D,209,F1,WV x TM2,16,1,0,NA,NA,NA,0,0
F_23_D,F,23,D,473,Parent,TM2,3,1,0,NA,NA,NA,0,0
F_24_C,F,24,C,274,F2,(WV x WL2) x (WV),7,0,NA,NA,NA,NA,0,0
F_24_D,F,24,D,1297,F1,TM2 x WL2,21,1,0,NA,NA,NA,0,0
F_25_C,F,25,C,746,F2,(TM2 x BH) x (BH),4,1,0,NA,NA,NA,0,0
F_25_D,F,25,D,991,F2,(LV1 x WL2) x (YO11 x WL2),6,0,NA,NA,NA,NA,0,0
F_26_C,F,26,C,122,Parent,WL2,27,0,NA,NA,NA,NA,0,0
F_26_D,F,26,D,346,F2,(TM2 x WL2) x (TM2),4,1,0,NA,NA,NA,0,0
F_27_C,F,27,C,1405,F1,WV x WL2,3,0,NA,NA,NA,NA,0,0
F_27_D,F,27,D,908,F2,(WL2) x (DPR x WL2),14,0,NA,NA,NA,NA,0,0
F_38_D,F,38,D,709,F2,(DPR x WL2) x (YO11 x WL2),15,1,0,NA,NA,NA,0,0
F_39_C,F,39,C,571,F2,(WL2 x DPR) x (YO11 x WL2),3,0,NA,NA,NA,NA,0,0
F_39_D,F,39,D,179,Parent,WL2,84,0,NA,NA,NA,NA,0,0
F_40_C,F,40,C,65,F2,(LV1 x WL2) x (WL2),2,0,NA,NA,NA,NA,0,0
F_40_D,F,40,D,554,Parent,TM2,84,0,NA,NA,NA,NA,0,0
F_41_C,F,41,C,329,F2,(WL1 x TM2) x (WL2 x TM2),9,0,NA,NA,NA,NA,0,0
F_41_D,F,41,D,314,F2,(TM2 x WL2) x (SQ3 x WL2),10,1,1,1,1,13,1,13
F_42_C,F,42,C,147,Parent,WL2,52,0,NA,NA,NA,NA,0,0
F_42_D,F,42,D,927,F2,(YO11 x WL2) x (WL2),1,0,NA,NA,NA,NA,0,0
F_43_D,F,43,D,652,F1,SQ3 x WL2,16,1,0,NA,NA,NA,0,0
F_45_C,F,45,C,717,F2,(DPR) x (DPR x WL2),7,1,0,NA,NA,NA,0,0
F_46_C,F,46,C,66,F2,(LV1 x WL2) x (WL2),3,1,0,NA,NA,NA,0,0
F_46_D,F,46,D,1460,F2,(DPR x WL2) x (WV x WL2),4,0,NA,NA,NA,NA,0,0
G_4_B,G,4,B,456,Parent,WV,7,0,NA,NA,NA,NA,0,0
G_5_A,G,5,A,1392,F2,(WV) x (WV x WL2),6,1,0,NA,NA,NA,0,0
G_6_A,G,6,A,82,F2,(SQ3 x WL2) x (WL2),3,0,NA,NA,NA,NA,0,0
G_6_B,G,6,B,14,Parent,LV1,14,0,NA,NA,NA,NA,0,0
G_7_A,G,7,A,537,Parent,TM2,67,0,NA,NA,NA,NA,0,0
G_7_B,G,7,B,933,F2,(YO11 x WL2) x (WL2),7,0,NA,NA,NA,NA,0,0
G_8_B,G,8,B,499,Parent,TM2,29,0,NA,NA,NA,NA,0,0
G_9_A,G,9,A,163,Parent,WL2,68,0,NA,NA,NA,NA,0,0
G_9_B,G,9,B,305,F2,(TM2 x WL2) x (SQ3 x WL2),1,0,NA,NA,NA,NA,0,0
G_10_A,G,10,A,387,Parent,BH,1,0,NA,NA,NA,NA,0,0
G_10_B,G,10,B,153,Parent,WL2,58,0,NA,NA,NA,NA,0,0
G_11_A,G,11,A,249,F2,(WL2 x BH) x (WL2 x TM2),14,1,0,NA,NA,NA,0,0
G_11_B,G,11,B,747,F2,(TM2 x BH) x (BH),5,1,0,NA,NA,NA,0,0
G_12_A,G,12,A,892,F2,(SQ3 x WL2) x (TM2 x WL2),14,0,NA,NA,NA,NA,0,0
G_12_B,G,12,B,731,F2,(DPR) x (WL2 x DPR),5,1,0,NA,NA,NA,0,0
G_13_A,G,13,A,606,F1,BH x TM2,22,0,NA,NA,NA,NA,0,0
G_13_B,G,13,B,1501,F2,(SQ3 x WL2) x (YO11 x WL2),2,0,NA,NA,NA,NA,0,0
G_14_A,G,14,A,365,F2,(TM2 x WL2) x (WL2),9,0,NA,NA,NA,NA,0,0
G_14_B,G,14,B,461,Parent,WV,12,0,NA,NA,NA,NA,0,0
G_15_A,G,15,A,275,F2,(WV x WL2) x (WV),8,1,0,NA,NA,NA,0,0
G_15_B,G,15,B,997,F2,(LV1 x WL2) x (YO11 x WL2),12,0,NA,NA,NA,NA,0,0
G_16_A,G,16,A,1445,F2,(DPR x WL2) x (TM2 x WL2),3,0,NA,NA,NA,NA,0,0
G_16_B,G,16,B,134,Parent,WL2,39,1,0,NA,NA,NA,0,0
G_18_A,G,18,A,475,Parent,TM2,5,1,0,NA,NA,NA,0,0
G_18_B,G,18,B,833,F1,WL2 x BH,4,0,NA,NA,NA,NA,0,0
G_19_A,G,19,A,802,F2,(YO11 x WL2) x (WL2 x TM2),15,0,NA,NA,NA,NA,0,0
G_19_B,G,19,B,1265,F1,LV1 x WL2,15,1,0,NA,NA,NA,0,0
G_20_A,G,20,A,169,Parent,WL2,74,0,NA,NA,NA,NA,0,0
G_20_B,G,20,B,460,Parent,WV,11,0,NA,NA,NA,NA,0,0
G_21_B,G,21,B,710,F2,(DPR x WL2) x (YO11 x WL2),16,0,NA,NA,NA,NA,0,0
G_22_A,G,22,A,1418,F1,WV x WL2,16,1,0,NA,NA,NA,0,0
G_22_B,G,22,B,1456,F2,(DPR x WL2) x (TM2 x WL2),14,0,NA,NA,NA,NA,0,0
G_23_A,G,23,A,994,F2,(LV1 x WL2) x (YO11 x WL2),9,0,NA,NA,NA,NA,0,0
G_23_B,G,23,B,550,Parent,TM2,80,0,NA,NA,NA,NA,0,0
G_24_A,G,24,A,1277,F1,TM2 x WL2,1,0,NA,NA,NA,NA,0,0
G_24_B,G,24,B,502,Parent,TM2,32,0,NA,NA,NA,NA,0,0
G_25_A,G,25,A,1115,F2,(WL1 x WL2) x (WL2 x CC),2,0,NA,NA,NA,NA,0,0
G_25_B,G,25,B,512,Parent,TM2,42,0,NA,NA,NA,NA,0,0
G_26_A,G,26,A,561,Parent,TM2,91,0,NA,NA,NA,NA,0,0
G_26_B,G,26,B,276,F2,(WV x WL2) x (WV),9,0,NA,NA,NA,NA,0,0
G_27_A,G,27,A,388,Parent,BH,2,0,NA,NA,NA,NA,0,0
G_27_B,G,27,B,748,F2,(TM2 x BH) x (BH),6,0,NA,NA,NA,NA,0,0
G_28_A,G,28,A,152,Parent,WL2,57,0,NA,NA,NA,NA,0,0
G_28_B,G,28,B,440,Parent,DPR,12,0,NA,NA,NA,NA,0,0
G_29_A,G,29,A,1393,F2,(WV) x (WV x WL2),7,0,NA,NA,NA,NA,0,0
G_29_B,G,29,B,732,F2,(DPR) x (WL2 x DPR),6,0,NA,NA,NA,NA,0,0
G_30_A,G,30,A,195,F1,WV x TM2,2,1,1,1,1,1,1,1
G_32_A,G,32,A,1254,F1,LV1 x WL2,4,0,NA,NA,NA,NA,0,0
G_32_B,G,32,B,43,Parent,YO11,1,0,NA,NA,NA,NA,0,0
G_33_A,G,33,A,556,Parent,TM2,86,1,0,NA,NA,NA,0,0
G_33_B,G,33,B,84,F2,(SQ3 x WL2) x (WL2),5,0,NA,NA,NA,NA,0,0
G_34_A,G,34,A,143,Parent,WL2,48,0,NA,NA,NA,NA,0,0
G_34_B,G,34,B,68,F2,(LV1 x WL2) x (WL2),5,0,NA,NA,NA,NA,0,0
G_35_A,G,35,A,1057,F2,(TM2 x BH) x (TM2),8,0,NA,NA,NA,NA,0,0
G_35_B,G,35,B,880,F2,(SQ3 x WL2) x (TM2 x WL2),2,0,NA,NA,NA,NA,0,0
G_36_A,G,36,A,450,Parent,WV,1,0,NA,NA,NA,NA,0,0
G_36_B,G,36,B,1410,F1,WV x WL2,8,1,0,NA,NA,NA,0,0
G_37_B,G,37,B,836,F1,WL2 x BH,7,0,NA,NA,NA,NA,0,0
G_38_A,G,38,A,111,Parent,WL2,16,0,NA,NA,NA,NA,0,0
G_38_B,G,38,B,1330,F2,(WV x WL2) x (WL2 x DPR),6,1,1,1,1,6,1,6
G_39_B,G,39,B,171,Parent,WL2,76,1,0,NA,NA,NA,0,0
G_40_B,G,40,B,476,Parent,TM2,6,0,NA,NA,NA,NA,0,0
G_41_A,G,41,A,1017,F2,(YO11 x WL2) x (SQ3 x WL2),16,1,0,NA,NA,NA,0,0
G_41_B,G,41,B,706,F2,(DPR x WL2) x (YO11 x WL2),12,1,1,1,1,7,1,7
G_42_A,G,42,A,841,F2,(YO11 x WL2) x (WV x WL2),3,0,NA,NA,NA,NA,0,0
G_42_B,G,42,B,1464,F2,(DPR x WL2) x (WV x WL2),8,1,1,1,1,11,1,11
G_43_B,G,43,B,534,Parent,TM2,64,0,NA,NA,NA,NA,0,0
G_4_C,G,4,C,721,F2,(DPR) x (DPR x WL2),11,0,NA,NA,NA,NA,0,0
G_4_D,G,4,D,1100,F2,(WL2 x DPR) x (WL2),3,1,1,1,1,58,1,58
G_5_C,G,5,C,570,F2,(WL2 x DPR) x (YO11 x WL2),2,1,0,NA,NA,NA,0,0
G_6_C,G,6,C,1180,F2,(WL2 x CC) x (WL2 x TM2),3,0,NA,NA,NA,NA,0,0
G_7_C,G,7,C,516,Parent,TM2,46,0,NA,NA,NA,NA,0,0
G_8_C,G,8,C,1116,F2,(WL1 x WL2) x (WL2 x CC),3,0,NA,NA,NA,NA,0,0
G_8_D,G,8,D,530,Parent,TM2,60,1,1,1,1,1,1,1
G_9_C,G,9,C,474,Parent,TM2,4,1,0,NA,NA,NA,0,0
G_9_D,G,9,D,555,Parent,TM2,85,1,1,0,NA,NA,0,0
G_10_C,G,10,C,1039,F2,(TM2 x BH) x (TM2 x WL2),6,1,0,NA,NA,NA,0,0
G_10_D,G,10,D,210,F1,WV x TM2,17,1,1,0,NA,NA,0,0
G_11_C,G,11,C,970,F2,(LV1 x WL2) x (WL2 x DPR),15,1,0,NA,NA,NA,0,0
G_11_D,G,11,D,33,Parent,SQ3,12,1,0,NA,NA,NA,0,0
G_12_C,G,12,C,194,F1,WV x TM2,1,1,0,NA,NA,NA,0,0
G_13_C,G,13,C,184,Parent,WL2,89,1,0,NA,NA,NA,0,0
G_13_D,G,13,D,259,F2,(WL2 x TM2) x (CC x TM2),8,0,NA,NA,NA,NA,0,0
G_14_C,G,14,C,109,Parent,WL2,14,0,NA,NA,NA,NA,0,0
G_15_C,G,15,C,1166,F2,(WL2 x BH) x (SQ3 x WL2),5,0,NA,NA,NA,NA,0,0
G_15_D,G,15,D,644,F1,SQ3 x WL2,8,0,NA,NA,NA,NA,0,0
G_17_C,G,17,C,1152,F2,(WL1 x WL2) x (WL2 x TM2),7,1,0,NA,NA,NA,0,0
G_17_D,G,17,D,83,F2,(SQ3 x WL2) x (WL2),4,0,NA,NA,NA,NA,0,0
G_18_C,G,18,C,1361,F1,CC x TM2,11,0,NA,NA,NA,NA,0,0
G_18_D,G,18,D,533,Parent,TM2,63,0,NA,NA,NA,NA,0,0
G_19_C,G,19,C,765,F2,(WL2) x (WV x WL2),7,0,NA,NA,NA,NA,0,0
G_19_D,G,19,D,67,F2,(LV1 x WL2) x (WL2),4,1,0,NA,NA,NA,0,0
G_20_C,G,20,C,121,Parent,WL2,26,1,0,NA,NA,NA,0,0
G_20_D,G,20,D,891,F2,(SQ3 x WL2) x (TM2 x WL2),13,1,0,NA,NA,NA,0,0
G_21_C,G,21,C,193,Parent,WL2,98,0,NA,NA,NA,NA,0,0
G_21_D,G,21,D,926,F2,(WL2) x (TM2 x WL2),16,1,0,NA,NA,NA,0,0
G_22_C,G,22,C,1181,F2,(WL2 x CC) x (WL2 x TM2),4,0,NA,NA,NA,NA,0,0
G_24_C,G,24,C,1343,F2,(TM2 x BH) x (TM2 x BH),9,1,0,NA,NA,NA,0,0
G_24_D,G,24,D,260,F2,(WL2 x TM2) x (CC x TM2),9,0,NA,NA,NA,NA,0,0
G_25_D,G,25,D,719,F2,(DPR) x (DPR x WL2),9,0,NA,NA,NA,NA,0,0
G_26_C,G,26,C,1195,F2,(WL2 x DPR) x (DPR),2,0,NA,NA,NA,NA,0,0
G_26_D,G,26,D,132,Parent,WL2,37,0,NA,NA,NA,NA,0,0
G_27_D,G,27,D,313,F2,(TM2 x WL2) x (SQ3 x WL2),9,1,0,NA,NA,NA,0,0
G_28_C,G,28,C,1111,F2,(WL2 x DPR) x (WL2),14,0,NA,NA,NA,NA,0,0
G_28_D,G,28,D,15,Parent,LV1,15,0,NA,NA,NA,NA,0,0
G_29_C,G,29,C,1041,F2,(TM2 x BH) x (TM2 x WL2),8,1,0,NA,NA,NA,0,0
G_29_D,G,29,D,219,F1,WV x TM2,26,1,0,NA,NA,NA,0,0
G_31_D,G,31,D,1174,F2,(WL2 x BH) x (SQ3 x WL2),13,1,0,NA,NA,NA,0,0
G_32_C,G,32,C,901,F2,(WL2) x (DPR x WL2),7,0,NA,NA,NA,NA,0,0
G_33_C,G,33,C,1090,F2,(TM2 x WL2) x (TM2 x WL2),9,1,0,NA,NA,NA,0,0
G_33_D,G,33,D,277,F2,(WV x WL2) x (WV),10,1,0,NA,NA,NA,0,0
G_34_C,G,34,C,238,F2,(WL2 x BH) x (WL2 x TM2),3,1,1,1,1,7,1,7
G_34_D,G,34,D,196,F1,WV x TM2,4,1,0,NA,NA,NA,0,0
G_35_C,G,35,C,1394,F2,(WV) x (WV x WL2),8,1,1,1,1,4,1,4
G_35_D,G,35,D,300,Parent,WL1,17,1,0,NA,NA,NA,0,0
G_36_C,G,36,C,1240,F1,LV1 x TM2,16,1,1,1,1,4,1,4
G_36_D,G,36,D,733,F2,(DPR) x (WL2 x DPR),7,1,1,1,1,6,1,6
G_37_C,G,37,C,1122,F2,(WL1 x WL2) x (WL2 x CC),9,0,NA,NA,NA,NA,0,0
G_37_D,G,37,D,261,F2,(WL2 x TM2) x (CC x TM2),10,1,1,1,1,4,1,4
G_38_C,G,38,C,123,Parent,WL2,28,0,NA,NA,NA,NA,0,0
G_38_D,G,38,D,1447,F2,(DPR x WL2) x (TM2 x WL2),5,1,1,1,1,10,1,10
G_39_C,G,39,C,433,Parent,DPR,5,1,0,NA,NA,NA,0,0
G_39_D,G,39,D,389,Parent,BH,3,0,NA,NA,NA,NA,0,0
G_40_D,G,40,D,541,Parent,TM2,71,0,NA,NA,NA,NA,0,0
G_41_C,G,41,C,938,F2,(YO11 x WL2) x (WL2),12,0,NA,NA,NA,NA,0,0
G_41_D,G,41,D,1197,F2,(WL2 x DPR) x (DPR),4,1,0,NA,NA,NA,0,0
G_43_C,G,43,C,514,Parent,TM2,44,0,NA,NA,NA,NA,0,0
G_43_D,G,43,D,19,Parent,LV1,19,0,NA,NA,NA,NA,0,0
G_44_D,G,44,D,339,F2,(WL1 x WL2) x (BH x WL2),8,1,0,NA,NA,NA,0,0
H_4_A,H,4,A,1500,F2,(SQ3 x WL2) x (YO11 x WL2),1,0,NA,NA,NA,NA,0,0
H_4_B,H,4,B,16,Parent,LV1,16,0,NA,NA,NA,NA,0,0
H_5_B,H,5,B,28,Parent,SQ3,7,0,NA,NA,NA,NA,0,0
H_6_A,H,6,A,497,Parent,TM2,27,0,NA,NA,NA,NA,0,0
H_7_A,H,7,A,723,F2,(DPR) x (DPR x WL2),13,0,NA,NA,NA,NA,0,0
H_8_A,H,8,A,155,Parent,WL2,60,0,NA,NA,NA,NA,0,0
H_8_B,H,8,B,362,F2,(TM2 x WL2) x (WL2),6,0,NA,NA,NA,NA,0,0
H_10_B,H,10,B,523,Parent,TM2,53,0,NA,NA,NA,NA,0,0
H_13_B,H,13,B,166,Parent,WL2,71,0,NA,NA,NA,NA,0,0
H_15_B,H,15,B,1263,F1,LV1 x WL2,13,0,NA,NA,NA,NA,0,0
H_17_A,H,17,A,557,Parent,TM2,87,0,NA,NA,NA,NA,0,0
H_17_B,H,17,B,327,F2,(WL1 x TM2) x (WL2 x TM2),7,0,NA,NA,NA,NA,0,0
H_18_A,H,18,A,1132,F2,(TM2) x (TM2 x BH),3,0,NA,NA,NA,NA,0,0
H_18_B,H,18,B,406,Parent,BH,20,0,NA,NA,NA,NA,0,0
H_19_A,H,19,A,1149,F2,(WL1 x WL2) x (WL2 x TM2),4,0,NA,NA,NA,NA,0,0
H_19_B,H,19,B,1317,F2,(WL2 x DPR) x (TM2 x WL2),4,0,NA,NA,NA,NA,0,0
H_20_A,H,20,A,501,Parent,TM2,31,0,NA,NA,NA,NA,0,0
H_20_B,H,20,B,342,F2,(WL1 x WL2) x (BH x WL2),11,0,NA,NA,NA,NA,0,0
H_21_A,H,21,A,343,F2,(TM2 x WL2) x (TM2),1,1,0,NA,NA,NA,0,0
H_22_A,H,22,A,536,Parent,TM2,66,0,NA,NA,NA,NA,0,0
H_22_B,H,22,B,234,F2,(TM2) x (TM2 x WL2),15,0,NA,NA,NA,NA,0,0
H_23_A,H,23,A,360,F2,(TM2 x WL2) x (WL2),4,1,0,NA,NA,NA,0,0
H_23_B,H,23,B,734,F2,(DPR) x (WL2 x DPR),8,1,1,1,1,14,1,14
H_24_A,H,24,A,1076,F2,(TM2 x WL2) x (TM2 x BH),11,0,NA,NA,NA,NA,0,0
H_24_B,H,24,B,24,Parent,SQ3,3,0,NA,NA,NA,NA,0,0
H_25_A,H,25,A,1323,F2,(WL2 x TM2) x (WL2),2,1,0,NA,NA,NA,0,0
H_26_A,H,26,A,1020,F2,(LV1 x WL2) x (LV1 x WL2),3,0,NA,NA,NA,NA,0,0
H_26_B,H,26,B,278,F2,(WV x WL2) x (WV),11,1,0,NA,NA,NA,0,0
H_27_B,H,27,B,966,F2,(LV1 x WL2) x (WL2 x DPR),11,0,NA,NA,NA,NA,0,0
H_28_A,H,28,A,935,F2,(YO11 x WL2) x (WL2),9,0,NA,NA,NA,NA,0,0
H_28_B,H,28,B,477,Parent,TM2,7,0,NA,NA,NA,NA,0,0
H_29_A,H,29,A,506,Parent,TM2,36,0,NA,NA,NA,NA,0,0
H_30_B,H,30,B,587,F1,BH x TM2,3,0,NA,NA,NA,NA,0,0
H_31_B,H,31,B,1151,F2,(WL1 x WL2) x (WL2 x TM2),6,0,NA,NA,NA,NA,0,0
H_32_A,H,32,A,70,F2,(LV1 x WL2) x (WL2),7,1,0,NA,NA,NA,0,0
H_32_B,H,32,B,493,Parent,TM2,23,1,0,NA,NA,NA,0,0
H_4_D,H,4,D,1303,F2,(TM2 x WL2) x (WV x WL2),1,0,NA,NA,NA,NA,0,0
H_5_D,H,5,D,749,F2,(TM2 x BH) x (BH),7,1,0,NA,NA,NA,0,0
H_6_C,H,6,C,177,Parent,WL2,82,0,NA,NA,NA,NA,0,0
H_6_D,H,6,D,1340,F2,(TM2 x BH) x (TM2 x BH),6,0,NA,NA,NA,NA,0,0
H_7_D,H,7,D,1040,F2,(TM2 x BH) x (TM2 x WL2),7,0,NA,NA,NA,NA,0,0
H_9_D,H,9,D,197,F1,WV x TM2,5,0,NA,NA,NA,NA,0,0
H_10_C,H,10,C,1225,F1,LV1 x TM2,1,0,NA,NA,NA,NA,0,0
H_13_C,H,13,C,96,Parent,WL2,1,0,NA,NA,NA,NA,0,0
H_14_D,H,14,D,463,Parent,WV,14,0,NA,NA,NA,NA,0,0
H_15_C,H,15,C,1246,F1,LV1 x TM2,22,0,NA,NA,NA,NA,0,0
H_15_D,H,15,D,716,F2,(DPR) x (DPR x WL2),6,0,NA,NA,NA,NA,0,0
H_16_D,H,16,D,1278,F1,TM2 x WL2,2,0,NA,NA,NA,NA,0,0
H_17_D,H,17,D,750,F2,(TM2 x BH) x (BH),8,0,NA,NA,NA,NA,0,0
H_18_C,H,18,C,69,F2,(LV1 x WL2) x (WL2),6,0,NA,NA,NA,NA,0,0
H_18_D,H,18,D,1099,F2,(WL2 x DPR) x (WL2),2,0,NA,NA,NA,NA,0,0
H_19_C,H,19,C,85,F2,(SQ3 x WL2) x (WL2),6,0,NA,NA,NA,NA,0,0
H_19_D,H,19,D,611,F1,BH x WL2,1,1,0,NA,NA,NA,0,0
H_20_C,H,20,C,903,F2,(WL2) x (DPR x WL2),9,0,NA,NA,NA,NA,0,0
H_20_D,H,20,D,1128,F2,(WL1 x WL2) x (WL2 x CC),15,0,NA,NA,NA,NA,0,0
H_21_C,H,21,C,567,Parent,TM2,97,0,NA,NA,NA,NA,0,0
H_21_D,H,21,D,838,F1,WL2 x BH,9,0,NA,NA,NA,NA,0,0
H_22_C,H,22,C,893,F2,(SQ3 x WL2) x (TM2 x WL2),15,0,NA,NA,NA,NA,0,0
H_22_D,H,22,D,112,Parent,WL2,17,0,NA,NA,NA,NA,0,0
H_23_C,H,23,C,320,F2,(TM2 x WL2) x (SQ3 x WL2),16,0,NA,NA,NA,NA,0,0
H_23_D,H,23,D,137,Parent,WL2,42,0,NA,NA,NA,NA,0,0
H_24_C,H,24,C,159,Parent,WL2,64,0,NA,NA,NA,NA,0,0
H_25_C,H,25,C,192,Parent,WL2,97,0,NA,NA,NA,NA,0,0
H_25_D,H,25,D,292,Parent,WL1,9,0,NA,NA,NA,NA,0,0
H_26_C,H,26,C,211,F1,WV x TM2,18,0,NA,NA,NA,NA,0,0
H_26_D,H,26,D,1183,F2,(WL2 x CC) x (WL2 x TM2),6,0,NA,NA,NA,NA,0,0
H_27_C,H,27,C,390,Parent,BH,4,0,NA,NA,NA,NA,0,0
H_27_D,H,27,D,1395,F2,(WV) x (WV x WL2),9,0,NA,NA,NA,NA,0,0
H_28_C,H,28,C,262,F2,(WL2 x TM2) x (CC x TM2),11,0,NA,NA,NA,NA,0,0
H_30_C,H,30,C,478,Parent,TM2,8,0,NA,NA,NA,NA,0,0
H_30_D,H,30,D,263,F2,(WL2 x TM2) x (CC x TM2),12,1,0,NA,NA,NA,0,0
H_31_D,H,31,D,156,Parent,WL2,61,0,NA,NA,NA,NA,0,0
H_32_C,H,32,C,773,F2,(YO11 x WL2) x (DPR x WL2),1,0,NA,NA,NA,NA,0,0
H_32_D,H,32,D,1168,F2,(WL2 x BH) x (SQ3 x WL2),7,0,NA,NA,NA,NA,0,0
I_3_B,I,3,B,1000,F2,(LV1 x WL2) x (YO11 x WL2),15,0,NA,NA,NA,NA,0,0
I_4_A,I,4,A,1226,F1,LV1 x TM2,2,0,NA,NA,NA,NA,0,0
I_4_B,I,4,B,898,F2,(WL2) x (DPR x WL2),4,0,NA,NA,NA,NA,0,0
I_5_A,I,5,A,1341,F2,(TM2 x BH) x (TM2 x BH),7,0,NA,NA,NA,NA,0,0
I_5_B,I,5,B,797,F2,(YO11 x WL2) x (WL2 x TM2),10,0,NA,NA,NA,NA,0,0
I_6_A,I,6,A,751,F2,(TM2 x BH) x (BH),9,0,NA,NA,NA,NA,0,0
I_6_B,I,6,B,86,F2,(SQ3 x WL2) x (WL2),7,0,NA,NA,NA,NA,0,0
I_7_A,I,7,A,544,Parent,TM2,74,0,NA,NA,NA,NA,0,0
I_7_B,I,7,B,1125,F2,(WL1 x WL2) x (WL2 x CC),12,0,NA,NA,NA,NA,0,0
I_8_A,I,8,A,191,Parent,WL2,96,0,NA,NA,NA,NA,0,0
I_8_B,I,8,B,508,Parent,TM2,38,0,NA,NA,NA,NA,0,0
I_9_A,I,9,A,1454,F2,(DPR x WL2) x (TM2 x WL2),12,0,NA,NA,NA,NA,0,0
I_9_B,I,9,B,391,Parent,BH,5,1,1,1,1,5,1,5
I_10_A,I,10,A,1272,F1,LV1 x WL2,22,1,1,1,1,3,1,3
I_10_B,I,10,B,124,Parent,WL2,29,0,NA,NA,NA,NA,0,0
I_11_A,I,11,A,1250,F1,LV1 x TM2,26,1,1,1,1,2,1,2
I_11_B,I,11,B,1184,F2,(WL2 x CC) x (WL2 x TM2),7,0,NA,NA,NA,NA,0,0
I_12_B,I,12,B,307,F2,(TM2 x WL2) x (SQ3 x WL2),3,0,NA,NA,NA,NA,0,0
I_13_A,I,13,A,524,Parent,TM2,54,1,0,NA,NA,NA,0,0
I_13_B,I,13,B,863,F2,(SQ3 x WL2) x (LV1 x WL2),15,0,NA,NA,NA,NA,0,0
I_14_A,I,14,A,954,F2,(LV1 x WL2) x (TM2 x WL2),12,0,NA,NA,NA,NA,0,0
I_14_B,I,14,B,686,F2,(DPR x WL2) x (SQ3 x WL2),8,1,0,NA,NA,NA,0,0
I_3_C,I,3,C,279,F2,(WV x WL2) x (WV),12,1,0,NA,NA,NA,0,0
I_4_D,I,4,D,164,Parent,WL2,69,1,0,NA,NA,NA,0,0
I_5_C,I,5,C,370,F2,(TM2 x WL2) x (WL2),14,0,NA,NA,NA,NA,0,0
I_6_C,I,6,C,97,Parent,WL2,2,0,NA,NA,NA,NA,0,0
I_6_D,I,6,D,335,F2,(WL1 x WL2) x (BH x WL2),4,0,NA,NA,NA,NA,0,0
I_7_D,I,7,D,198,F1,WV x TM2,6,0,NA,NA,NA,NA,0,0
I_8_C,I,8,C,405,Parent,BH,19,0,NA,NA,NA,NA,0,0
I_8_D,I,8,D,139,Parent,WL2,44,0,NA,NA,NA,NA,0,0
I_9_C,I,9,C,551,Parent,TM2,81,0,NA,NA,NA,NA,0,0
I_9_D,I,9,D,1396,F2,(WV) x (WV x WL2),10,1,0,NA,NA,NA,0,0
I_10_C,I,10,C,1210,F1,DPR x WL2,1,0,NA,NA,NA,NA,0,0
I_10_D,I,10,D,443,Parent,DPR,15,1,1,0,NA,NA,0,0
I_11_C,I,11,C,1318,F2,(WL2 x DPR) x (TM2 x WL2),5,0,NA,NA,NA,NA,0,0
I_11_D,I,11,D,294,Parent,WL1,11,1,0,NA,NA,NA,0,0
I_12_C,I,12,C,459,Parent,WV,10,1,0,NA,NA,NA,0,0
I_12_D,I,12,D,708,F2,(DPR x WL2) x (YO11 x WL2),14,1,0,NA,NA,NA,0,0
I_13_C,I,13,C,1288,F1,TM2 x WL2,12,0,NA,NA,NA,NA,0,0
I_13_D,I,13,D,1035,F2,(TM2 x BH) x (TM2 x WL2),2,0,NA,NA,NA,NA,0,0
